{"dn_played": 122, "donothing_reward": 20996.56797027588, "donothing_nodisc_reward": 172241.78063964844}