{"dn_played": 396, "donothing_reward": 61987.2426071167, "donothing_nodisc_reward": 202937.54248809814}