{"dn_played": 108, "donothing_reward": 16909.819229125977, "donothing_nodisc_reward": 231052.9637451172}