{"dn_played": 8, "donothing_reward": 1994.2681579589844, "donothing_nodisc_reward": 193234.93378448486}