{"dn_played": 864, "donothing_reward": 32391.130264282227, "donothing_nodisc_reward": 137710.20093536377}