{"dn_played": 408, "donothing_reward": 76671.3109664917, "donothing_nodisc_reward": 161737.5457458496}