{"dn_played": 122, "donothing_reward": 22201.65040588379, "donothing_nodisc_reward": 131092.17462921143}