{"dn_played": 864, "donothing_reward": 112902.65643310547, "donothing_nodisc_reward": 112902.65643310547}