{"dn_played": 864, "donothing_reward": 103998.33493804932, "donothing_nodisc_reward": 103998.33493804932}