{"dn_played": 864, "donothing_reward": 91370.90696334839, "donothing_nodisc_reward": 91370.90696334839}