{"dn_played": 432, "donothing_reward": 69475.98166656494, "donothing_nodisc_reward": 142729.1580581665}