{"dn_played": 146, "donothing_reward": 28261.714599609375, "donothing_nodisc_reward": 141301.07817840576}