{"dn_played": 864, "donothing_reward": 119176.42889404297, "donothing_nodisc_reward": 119176.42889404297}