{"dn_played": 864, "donothing_reward": 119713.42473983765, "donothing_nodisc_reward": 119713.42473983765}