{"dn_played": 864, "donothing_reward": 126673.14637374878, "donothing_nodisc_reward": 126673.14637374878}