{"dn_played": 98, "donothing_reward": 18765.173080444336, "donothing_nodisc_reward": 167006.74118804932}