{"dn_played": 424, "donothing_reward": 54742.522468566895, "donothing_nodisc_reward": 172895.00113677979}