{"dn_played": 136, "donothing_reward": 19248.009147644043, "donothing_nodisc_reward": 209054.97173309326}