{"dn_played": 8, "donothing_reward": 1859.7045440673828, "donothing_nodisc_reward": 208815.40699768066}