{"dn_played": 105, "donothing_reward": 19839.27830505371, "donothing_nodisc_reward": 184250.52922058105}