{"dn_played": 864, "donothing_reward": 106379.76222610474, "donothing_nodisc_reward": 106379.76222610474}