{"dn_played": 864, "donothing_reward": 88782.22022247314, "donothing_nodisc_reward": 88782.22022247314}