{"dn_played": 864, "donothing_reward": 81798.25534820557, "donothing_nodisc_reward": 81798.25534820557}