{"dn_played": 864, "donothing_reward": 84020.59128570557, "donothing_nodisc_reward": 84020.59128570557}