{"dn_played": 864, "donothing_reward": 71600.907081604, "donothing_nodisc_reward": 71600.907081604}