{"dn_played": 100, "donothing_reward": 18752.651596069336, "donothing_nodisc_reward": 219033.18743896484}