{"dn_played": 99, "donothing_reward": 19917.170379638672, "donothing_nodisc_reward": 221791.77528381348}