{"dn_played": 100, "donothing_reward": 19183.26644897461, "donothing_nodisc_reward": 225609.99110412598}