{"dn_played": 8, "donothing_reward": 1770.8988647460938, "donothing_nodisc_reward": 217556.39125061035}