{"dn_played": 8, "donothing_reward": 1771.1063537597656, "donothing_nodisc_reward": 195842.8665008545}