{"dn_played": 232, "donothing_reward": 47625.78896331787, "donothing_nodisc_reward": 237793.66161346436}