{"dn_played": 8, "donothing_reward": 1766.3619079589844, "donothing_nodisc_reward": 228464.68029785156}