{"dn_played": 5, "donothing_reward": 1377.6542053222656, "donothing_nodisc_reward": 223139.7460784912}