{"dn_played": 237, "donothing_reward": 40705.040771484375, "donothing_nodisc_reward": 214239.3775177002}