{"dn_played": 864, "donothing_reward": 72053.6078414917, "donothing_nodisc_reward": 207943.16302490234}