{"dn_played": 104, "donothing_reward": 18159.978759765625, "donothing_nodisc_reward": 158053.59412384033}