{"dn_played": 676, "donothing_reward": 109914.09969329834, "donothing_nodisc_reward": 160006.67374420166}