{"dn_played": 388, "donothing_reward": 66938.08935546875, "donothing_nodisc_reward": 154064.17360687256}