{"dn_played": 100, "donothing_reward": 19480.302352905273, "donothing_nodisc_reward": 135088.0599975586}