{"dn_played": 864, "donothing_reward": 109712.34228515625, "donothing_nodisc_reward": 109712.34228515625}