{"dn_played": 96, "donothing_reward": 17429.978286743164, "donothing_nodisc_reward": 222174.0461730957}