{"dn_played": 8, "donothing_reward": 1886.6739654541016, "donothing_nodisc_reward": 215915.60331726074}