{"dn_played": 122, "donothing_reward": 22059.321746826172, "donothing_nodisc_reward": 209325.5284576416}