{"dn_played": 100, "donothing_reward": 18774.4178314209, "donothing_nodisc_reward": 181159.9616241455}