{"dn_played": 8, "donothing_reward": 1831.899429321289, "donothing_nodisc_reward": 142412.34825134277}