{"dn_played": 864, "donothing_reward": 147401.45750427246, "donothing_nodisc_reward": 147401.45750427246}