{"dn_played": 687, "donothing_reward": 121635.51413726807, "donothing_nodisc_reward": 161946.6266555786}