{"dn_played": 399, "donothing_reward": 76185.75164031982, "donothing_nodisc_reward": 146567.12983703613}