{"dn_played": 111, "donothing_reward": 20016.87501525879, "donothing_nodisc_reward": 130364.06661224365}