{"dn_played": 864, "donothing_reward": 120349.26818847656, "donothing_nodisc_reward": 120349.26818847656}