{"dn_played": 97, "donothing_reward": 17763.26400756836, "donothing_nodisc_reward": 200408.3316268921}