{"dn_played": 107, "donothing_reward": 20638.03125, "donothing_nodisc_reward": 210114.94203948975}