{"dn_played": 113, "donothing_reward": 16097.009353637695, "donothing_nodisc_reward": 232044.66053771973}