{"dn_played": 8, "donothing_reward": 2006.776123046875, "donothing_nodisc_reward": 205124.438331604}