{"dn_played": 8, "donothing_reward": 1902.009506225586, "donothing_nodisc_reward": 151086.6388244629}