{"dn_played": 98, "donothing_reward": 18510.55078125, "donothing_nodisc_reward": 212674.54624938965}