{"dn_played": 95, "donothing_reward": 19910.42951965332, "donothing_nodisc_reward": 191212.29781341553}