{"dn_played": 140, "donothing_reward": 28395.942153930664, "donothing_nodisc_reward": 162463.9269104004}