{"dn_played": 864, "donothing_reward": 134227.74769210815, "donothing_nodisc_reward": 134227.74769210815}