{"dn_played": 864, "donothing_reward": 127200.2653388977, "donothing_nodisc_reward": 127200.2653388977}