{"dn_played": 864, "donothing_reward": 80439.79166412354, "donothing_nodisc_reward": 229981.7929534912}