{"dn_played": 8, "donothing_reward": 1896.8030548095703, "donothing_nodisc_reward": 223028.79818725586}