{"dn_played": 8, "donothing_reward": 1753.8815002441406, "donothing_nodisc_reward": 220922.16188049316}