{"dn_played": 102, "donothing_reward": 18897.683654785156, "donothing_nodisc_reward": 213356.67875671387}