{"dn_played": 8, "donothing_reward": 1860.5954284667969, "donothing_nodisc_reward": 184485.58179473877}