{"dn_played": 864, "donothing_reward": 111340.12855148315, "donothing_nodisc_reward": 111340.12855148315}