{"dn_played": 864, "donothing_reward": 133243.8083267212, "donothing_nodisc_reward": 133243.8083267212}