{"dn_played": 685, "donothing_reward": 108038.6953048706, "donothing_nodisc_reward": 147685.05066680908}