{"dn_played": 397, "donothing_reward": 66491.86059570312, "donothing_nodisc_reward": 141891.10053253174}