{"dn_played": 109, "donothing_reward": 19956.908294677734, "donothing_nodisc_reward": 118317.44916152954}