{"dn_played": 114, "donothing_reward": 16223.295486450195, "donothing_nodisc_reward": 176135.2995071411}