{"dn_played": 103, "donothing_reward": 20486.871627807617, "donothing_nodisc_reward": 153074.00968170166}