{"dn_played": 864, "donothing_reward": 108486.14219284058, "donothing_nodisc_reward": 108486.14219284058}