{"dn_played": 864, "donothing_reward": 85426.91473007202, "donothing_nodisc_reward": 85426.91473007202}