{"dn_played": 864, "donothing_reward": 78599.56354904175, "donothing_nodisc_reward": 78599.56354904175}