{"dn_played": 117, "donothing_reward": 20950.087867736816, "donothing_nodisc_reward": 211662.87717437744}