{"dn_played": 101, "donothing_reward": 19529.01089477539, "donothing_nodisc_reward": 214551.26611328125}