{"dn_played": 100, "donothing_reward": 20071.12191772461, "donothing_nodisc_reward": 214462.0636138916}