{"dn_played": 101, "donothing_reward": 20397.664016723633, "donothing_nodisc_reward": 197560.16133117676}