{"dn_played": 105, "donothing_reward": 19882.313018798828, "donothing_nodisc_reward": 175691.85429382324}