{"dn_played": 104, "donothing_reward": 18716.861694335938, "donothing_nodisc_reward": 196620.38934326172}