{"dn_played": 101, "donothing_reward": 19499.688217163086, "donothing_nodisc_reward": 165859.5615386963}