{"dn_played": 110, "donothing_reward": 20152.04133605957, "donothing_nodisc_reward": 169418.2751235962}