{"dn_played": 389, "donothing_reward": 53802.39608001709, "donothing_nodisc_reward": 177698.86029815674}