{"dn_played": 101, "donothing_reward": 15773.293083190918, "donothing_nodisc_reward": 172667.1307373047}