{"dn_played": 523, "donothing_reward": 67244.51904296875, "donothing_nodisc_reward": 158004.3712463379}