{"dn_played": 237, "donothing_reward": 37492.23358917236, "donothing_nodisc_reward": 194506.8083267212}