{"dn_played": 99, "donothing_reward": 19704.455322265625, "donothing_nodisc_reward": 192419.8213043213}