{"dn_played": 8, "donothing_reward": 1738.6913299560547, "donothing_nodisc_reward": 156410.13230133057}