{"dn_played": 864, "donothing_reward": 134801.7177810669, "donothing_nodisc_reward": 134801.7177810669}