{"dn_played": 688, "donothing_reward": 100189.14360427856, "donothing_nodisc_reward": 142718.1781349182}