{"dn_played": 402, "donothing_reward": 74272.19387054443, "donothing_nodisc_reward": 162876.9669265747}