{"dn_played": 114, "donothing_reward": 20632.5135345459, "donothing_nodisc_reward": 182592.99626159668}