{"dn_played": 392, "donothing_reward": 63604.28985595703, "donothing_nodisc_reward": 176353.1296234131}