{"dn_played": 104, "donothing_reward": 17125.461196899414, "donothing_nodisc_reward": 144765.27475357056}