{"dn_played": 864, "donothing_reward": 135314.34497833252, "donothing_nodisc_reward": 135314.34497833252}