{"dn_played": 864, "donothing_reward": 128152.7149810791, "donothing_nodisc_reward": 128152.7149810791}