{"dn_played": 864, "donothing_reward": 109865.52970123291, "donothing_nodisc_reward": 109865.52970123291}