{"dn_played": 864, "donothing_reward": 92263.38665008545, "donothing_nodisc_reward": 92263.38665008545}