{"dn_played": 864, "donothing_reward": 77804.9271774292, "donothing_nodisc_reward": 77804.9271774292}